X,Y,Z,azimuth,dip,polarity,formation
150,500,-1010,90,0,1,Cap_rock
500,500,-1200,90,71.56505118,1,fault1
850,500,-1600,270,80.53767779,1,fault2
1200,500,-1520,270,5.71059314,1,fault3
